temperature,mean,std_error,trait,treatment
16,134.43333333333334,18.72388375779763,bite rate,eggs_dtr12
20,278.51666666666665,36.316713337088835,bite rate,eggs_dtr12
24,365.96666666666664,47.69894387409779,bite rate,eggs_dtr12
28,191.86666666666667,29.885567692597895,bite rate,eggs_dtr12
32,107.63333333333334,17.637514055885628,bite rate,eggs_dtr12
