temperature,mean,std_error,trait,treatment
16,157.13333333333333,19.773469451817466,eggs,eggs_dtr9
20,215.85,33.69335652634358,eggs,eggs_dtr9
24,354.8833333333333,47.11681655281438,eggs,eggs_dtr9
28,318.0833333333333,36.69415732419236,eggs,eggs_dtr9
32,122.66666666666667,16.08256709043851,eggs,eggs_dtr9
