temperature,mean,std_error,trait,treatment
16,0.19136964615,0.010510814812522862,bite rate,bite_rate_constant
20,0.2807211508333333,0.011296782314772432,bite rate,bite_rate_constant
24,0.3954384760333333,0.01156783475459955,bite rate,bite_rate_constant
28,0.4361640474222222,0.012568835167382253,bite rate,bite_rate_constant
32,0.46486522237288136,0.024716387479693194,bite rate,bite_rate_constant
36,0.49916508806557375,0.02193625117744837,bite rate,bite_rate_constant
