temperature,mean,std_error,trait,treatment
16,39.88333333333333,2.4782775669165336,bite rate,lifespan_dtr9
20,35.21666666666667,2.2514391714522355,bite rate,lifespan_dtr9
24,30.416666666666668,2.2456853378278177,bite rate,lifespan_dtr9
28,22.383333333333333,1.498415673032756,bite rate,lifespan_dtr9
32,12.483333333333333,0.8666748152593893,bite rate,lifespan_dtr9
