temperature,mean,std_error,trait,treatment
16,0.21177089938333332,0.010377900405485824,bite rate,bite_rate_dtr9
20,0.24726949393333333,0.0105599355935769,bite rate,bite_rate_dtr9
24,0.32619683476666667,0.012340261935092715,bite rate,bite_rate_dtr9
28,0.35784746916666665,0.014959379513868285,bite rate,bite_rate_dtr9
32,0.36553150441666665,0.020372705647550948,bite rate,bite_rate_dtr9
