temperature,mean,std_error,trait,treatment
16,152.73333333333332,18.325923515420225,bite rate,eggs_constant
20,234.46666666666667,26.264145681884393,bite rate,eggs_constant
24,410.35,43.82712459519203,bite rate,eggs_constant
28,310.6111111111111,37.04351355150872,bite rate,eggs_constant
32,238.1864406779661,34.30765910346718,bite rate,eggs_constant
36,74.39344262295081,10.761911146436026,bite rate,eggs_constant
