temperature,mean,std_error,trait,treatment
16,0.17981863309999999,0.0076365653258510914,bite rate,bite_rate_dtr12
20,0.25113733293333335,0.009490007147128618,bite rate,bite_rate_dtr12
24,0.31300948425,0.010970857649813186,bite rate,bite_rate_dtr12
28,0.34448975023333334,0.013023602396225223,bite rate,bite_rate_dtr12
32,0.3870602839166667,0.026446641126576857,bite rate,bite_rate_dtr12
