temperature,mean,std_error,trait,treatment
16,0.6002718844502251,0.07949993597267795,bite rate,gamma_dtr9
20,0.8012408561246085,0.03408820643886545,bite rate,gamma_dtr9
24,0.8253846033352146,0.022349133189405512,bite rate,gamma_dtr9
28,0.8095793207831405,0.00733757119866546,bite rate,gamma_dtr9
32,0.6958085496075714,0.03665953888826151,bite rate,gamma_dtr9
