temperature,mean,std_error,trait,treatment
21,0.06677018633540371,0.004658385093167704,eip50,eip50
24,0.0869828303456622,0.0015127448755767323,eip50,eip50
27,0.0939484827099506,0.002205363443895554,eip50,eip50
30,0.12048192771084336,0,eip50,eip50
32,0.12987012987012986,0,eip50,eip50
34,0.14285714285714285,0,eip50,eip50
