temperature,mean,std_error,trait,treatment
16,48.21666666666667,2.8869560207792166,bite rate,lifespan_dtr12
20,41.516666666666666,3.2252965235437547,bite rate,lifespan_dtr12
24,31.283333333333335,2.4248119114740354,bite rate,lifespan_dtr12
28,21.15,1.6890850998621327,bite rate,lifespan_dtr12
32,11.433333333333334,0.9052161045059206,bite rate,lifespan_dtr12
