temperature,mean,std_error,trait,treatment
16,0.7268839144240765,0.04038046159123653,bite rate,gamma_dtr12
20,0.781793264146203,0.11202389445432503,bite rate,gamma_dtr12
24,0.799972810544435,0.06465988167791896,bite rate,gamma_dtr12
28,0.76363149229578,0.034988014264459966,bite rate,gamma_dtr12
32,0.6656907493783535,0.0587730484349605,bite rate,gamma_dtr12
