temperature,mean,std_error,trait,treatment
16,0.5875655738300904,0.04936414187822651,bite rate,gamma_constant
20,0.8866097517791665,0.060367620517534464,bite rate,gamma_constant
24,0.95393278475125,0.038540538907312016,bite rate,gamma_constant
28,0.8828027197533297,0.01608456900495096,bite rate,gamma_constant
32,0.749912390525544,0.03961398956622603,bite rate,gamma_constant
36,0.679343585305628,0.06578631250033094,bite rate,gamma_constant
