term,mean,sd,2.5%,25%,50%,75%,97.5%,Rhat,n.eff,treatment
cf.T0,1.6115760019209409,1.2513663112296323,0.06282525285473249,0.5974870515686854,1.333145154125606,2.3395256947738714,4.593013956035624,1.0020763325874387,1600,bite_rate_constant
cf.Tm,42.13816580236613,0.8724056482439858,40.581569816040926,41.514961730000834,42.10545376373761,42.69031128579216,44.020680339056895,1.001490602470275,2900,bite_rate_constant
cf.q,1.603314609316564e-4,1.3035227418609016e-5,1.406635490963537e-4,1.510158014689971e-4,1.5805999109889742e-4,1.6755863754522334e-4,1.9104945232133302e-4,1.0016890974074222,2200,bite_rate_constant
cf.sigma,0.13038931629465436,0.0046761052603545164,0.1215417562032509,0.12717987275645323,0.1302766461438328,0.13344208239461647,0.13970148056427853,1.000975323300975,7500,bite_rate_constant
deviance,-483.7403662693762,2.8056128662992323,-487.3604488762177,-485.80194391631835,-484.3282925408452,-482.33692091898047,-476.47980287050666,1.0008370417004133,7500,bite_rate_constant
Topt,33.878013333333335,NA,32.8,NA,NA,NA,35.3,NA,NA,bite_rate_constant
