term,mean,sd,2.5%,25%,50%,75%,97.5%,Rhat,n.eff,treatment
cf.T0,1.2817198266347212,1.0579641276661524,0.04246076802169848,0.44805649505161604,1.0048316572004252,1.861096725460523,3.9403070732991274,1.000836225708359,7500,lifespan_dtr9
cf.Tm,34.6710709075443,0.5467578141177253,33.68077668702362,34.2883803022896,34.63970530650521,35.02136294394251,35.831365185571556,1.001384317064636,3400,lifespan_dtr9
cf.q,0.13376140361030392,0.012181518657486306,0.1145043887417947,0.12532862928137234,0.13212313141370535,0.14048667322386726,0.16310411423714344,1.001199660159979,5000,lifespan_dtr9
cf.sigma,15.331652877683625,0.6217137597350708,14.14707666988228,14.919564237883515,15.313042341063513,15.73253514326656,16.604169798014073,1.0010703108353323,7400,lifespan_dtr9
deviance,2487.5627212633763,2.8866383793732195,2483.769431453318,2485.445590160418,2486.947248124228,2489.075687624598,2494.7457618793005,1.0008253582579663,7500,lifespan_dtr9
Topt,17.976226666666665,NA,17.1,NA,NA,NA,19.2,NA,NA,lifespan_dtr9
