term,mean,sd,2.5%,25%,50%,75%,97.5%,Rhat,n.eff,treatment
cf.T0,4.290258585039641,3.3912814132500775,0.1384026480433928,1.5874504110299599,3.547495181411646,6.180783080529116,12.368890792891404,1.0016165718948415,2400,bc_constant
cf.Tm,35.32346957287228,1.1983568911475353,34.14735282795444,34.68439351809869,35.07414125129329,35.61593193477052,38.43672112498091,1.0020378237587222,7500,bc_constant
cf.q,3.300087529593832e-4,8.366531707070677e-5,2.1637504449409234e-4,2.816815751337998e-4,3.1312797785754153e-4,3.5924083908052493e-4,5.346468949620439e-4,1.0013377107737853,3700,bc_constant
cf.sigma,0.140304572378527,0.04272169585282447,0.08392204785989618,0.11090279532919159,0.13168243139858896,0.15932961301540946,0.2492738306187278,1.001220178328381,4700,bc_constant
deviance,-15.135770825965936,4.295293743367339,-20.524521992977242,-18.221696960077644,-16.186499035797883,-13.136865448699924,-4.095594147605738,1.0028190918970121,1300,bc_constant
Topt,28.748293333333333,NA,27.6,NA,NA,NA,31.3,NA,NA,bc_constant
