term,mean,sd,lowerCI,25%,median,75%,upperCI,Rhat,n.eff,treatment
cf.T0,4.271356594989506,2.390601433014575,0.3469531069238581,2.4059693435602254,4.117384474043224,5.940283407739331,9.214328534451443,1.0009463586271867,7500,gamma_dtr12
cf.Tm,42.028786346973405,1.897768256260901,37.82567111832336,40.78468583999722,42.27361072744735,43.530205720170045,44.81846265264202,1.0020817853170412,1600,gamma_dtr12
cf.q,0.0024089781503734745,6.373969500082593e-4,0.0016645476372538198,0.001959687328956438,0.0022442362794531444,0.0026829385540481266,0.004087840213331506,1.0028646235560457,1400,gamma_dtr12
cf.sigma,0.09709358630956014,0.03373268972182068,0.0551054158458963,0.07468717926292891,0.08988573171963528,0.11088925796732556,0.18130287601547815,1.0017018394480475,2200,gamma_dtr12
deviance,-20.301775754428494,3.7316716314522425,-24.827359543103697,-22.991334285668355,-21.191521355788066,-18.602397021858547,-10.834290949917989,1.0021783981846037,1500,gamma_dtr12
Topt,23.150333333333332,NA,21.2,NA,23.1,NA,25.1,NA,NA,gamma_dtr12
