term,mean,sd,2.5%,25%,50%,75%,97.5%,Rhat,n.eff,treatment
cf.T0,6.4934625935016905,1.5809074351131411,2.919299533493935,5.583520022185334,6.654279115386625,7.573590127245215,9.198744400905742,1.0009429347742715,7500,eggs_constant
cf.Tm,41.84179972333027,1.1536553379757697,39.69604675485489,41.036737989215965,41.779825598590925,42.599288286392465,44.258892403595034,1.001155188207313,5600,eggs_constant
cf.q,0.920069667735924,0.07323388599059429,0.7273413083827043,0.8855716142204948,0.9416784506912779,0.9755316411868752,0.9976071886295576,1.0008190288727248,7500,eggs_constant
cf.sigma,268.1895138128829,9.647852346591707,250.30075066227408,261.41567408535406,267.7996044459598,274.6136088115985,287.8732667844365,1.001166875681758,5400,eggs_constant
deviance,5466.981826871571,3.1180266905276546,5462.754515167636,5464.629706434727,5466.373048551058,5468.664782085698,5474.643338776136,1.001046724484974,7500,eggs_constant
Topt,24.168053333333333,NA,21.8,NA,NA,NA,26.3,NA,NA,eggs_constant
