term,mean,sd,2.5%,25%,50%,75%,97.5%,Rhat,n.eff,treatment
cf.T0,10.723692582431653,2.426192159256827,4.149907981287338,9.64380063328061,11.222836368543748,12.409824666803681,13.958803338547002,1.0266874622966544,590,eggs_dtr12
cf.Tm,28.75806548247926,0.5529730947816821,28.2538019861292,28.466125966022158,28.637851697104313,28.87659677898242,29.932722316202806,1.0579322155516153,310,eggs_dtr12
cf.q,0.530986944721227,0.12689911307723636,0.2713924101793622,0.44934302313307334,0.5342459528663072,0.6177837831648042,0.7727204798864684,1.009832699746414,530,eggs_dtr12
cf.sigma,253.6655737890701,10.598934405860684,233.90592210760084,246.29621265789234,253.32876685730105,260.5197283640764,275.8075311229153,1.0021670052870748,1500,eggs_dtr12
deviance,4171.441040843387,3.0997666367484635,4167.496783472233,4169.102617316212,4170.747669442761,4173.014939575918,4179.1908920941805,1.0020949671057382,1500,eggs_dtr12
Topt,24.403093333333334,NA,23.7,NA,NA,NA,25.1,NA,NA,eggs_dtr12
