term,mean,sd,2.5%,25%,50%,75%,97.5%,Rhat,n.eff,treatment
cf.T0,1.6364334831834766,1.3048592659491127,0.056088883894746366,0.5887292691759561,1.3386085522167195,2.3839252692398696,4.82442145356969,1.0016003653232375,2500,bite_rate_dtr12
cf.Tm,38.76466380414909,1.3375097900544222,36.559216835522925,37.83948277151257,38.608337225060254,39.54131333693843,41.800013776148276,1.004855789279889,500,bite_rate_dtr12
cf.q,1.525818026092043e-4,1.6195957538687534e-5,1.2647109430350702e-4,1.4140875279645135e-4,1.5035954742922332e-4,1.6136930257902365e-4,1.9113496535843745e-4,1.004386017641378,560,bite_rate_dtr12
cf.sigma,0.11758868709919927,0.004913925589546521,0.10827184420557898,0.11420171759266565,0.11745157802414956,0.12079486481400785,0.12756655309391618,1.000976139992981,7500,bite_rate_dtr12
deviance,-435.01273972058397,2.8340241009326785,-438.6905001585461,-437.07593206314226,-435.6187684974562,-433.56538454805474,-427.9689688561916,1.0015328006562776,2700,bite_rate_dtr12
Topt,31.18292,NA,29.6,NA,NA,NA,33.5,NA,NA,bite_rate_dtr12
