term,mean,sd,2.5%,25%,50%,75%,97.5%,Rhat,n.eff,treatment
cf.T0,5.068385467881185,2.004488770698632,0.8192133367200298,3.7727347374994045,5.214523859438886,6.497874151578657,8.54728392873189,1.0012572155651225,4400,eggs_dtr12
cf.Tm,39.04093881940179,1.6959555677703089,36.17715257068063,37.85501001330926,38.892362894876214,40.01670378739959,43.04748224007054,1.00188316767557,1800,eggs_dtr12
cf.q,0.8689222258088674,0.10843152167798593,0.6033370304945059,0.8059635855835525,0.8984393095614015,0.9559287491889714,0.9959294202122337,1.001485767102112,2900,eggs_dtr12
cf.sigma,258.9725489312234,10.567943793269908,239.05579575998158,251.5093482169421,258.6757338543234,265.93221778128003,280.43396177769137,1.0010769609735655,7200,eggs_dtr12
deviance,4183.459480517618,2.8388123439605253,4179.4927863181265,4181.292033204975,4182.999250901286,4185.057956808636,4190.045264809088,1.0009630133538923,7500,eggs_dtr12
Topt,22.054413333333333,NA,19.3,NA,NA,NA,24.9,NA,NA,eggs_dtr12
