term,mean,sd,2.5%,25%,50%,75%,97.5%,Rhat,n.eff,treatment
cf.T0,5.2869244231713255,2.877586676395853,0.3568419162596466,2.995561570245788,5.29333498944567,7.465767242327775,10.723431585070346,1.001760939236764,2100,eggs_constant
cf.Tm,33.500832100050125,0.6821964891587169,32.5912331057081,33.036490868696404,33.36549031297289,33.812648455989155,35.33636542500128,1.0015867853692768,2500,eggs_constant
cf.q,0.24110061469001606,0.048673418778520744,0.16557138262457438,0.20445972432472975,0.2345394507666065,0.2720645738606639,0.3502322278636901,1.0020133968744898,1600,eggs_constant
cf.sigma,263.7937233177645,9.454201334147935,246.09876128259242,257.2565424483121,263.52239462118536,269.81441568305416,283.17027896815114,1.0014083006544234,3300,eggs_constant
deviance,5454.316185908267,2.5846354507624607,5451.1394171072525,5452.43172472544,5453.703744374233,5455.536906421128,5461.055422557537,1.000941789734533,7500,eggs_constant
Topt,27.405506666666668,NA,26.5,NA,NA,NA,28.7,NA,NA,eggs_constant
