term,mean,sd,lowerCI,25%,median,75%,upperCI,Rhat,n.eff,treatment
cf.T0,7.709812531998615,1.6575614555786624,4.0574822361163605,6.70790614058789,7.844020773394052,8.835882071682926,10.611412063357061,1.015350362656595,340,gamma_dtr9
cf.Tm,41.82946397652795,1.6868035846562248,38.44224433028808,40.66382458159838,41.8646650131762,43.11144270809323,44.74296035814398,1.0070204350218206,320,gamma_dtr9
cf.q,0.00298711800732524,6.51857609000611e-4,0.0020398119498242417,0.002519969290240238,0.0028965356417021268,0.003340327572885786,0.004483006234764186,1.0084654350537274,260,gamma_dtr9
cf.sigma,0.06569479272505413,0.022446735287095877,0.0381576146308171,0.050652864677643794,0.060840851205903615,0.07458635703873079,0.12327204827422183,1.0021093009591147,1500,gamma_dtr9
deviance,-28.067212903668175,3.716075817119536,-32.567326767807835,-30.73211389396321,-28.982798609241517,-26.275194578008147,-18.815610655645756,1.002964770804058,1700,gamma_dtr9
Topt,24.769653333333334,NA,23.4,NA,24.8,NA,26,NA,NA,gamma_dtr9
