term,mean,sd,lowerCI,25%,median,75%,upperCI,Rhat,n.eff,treatment
cf.T0,5.496533530202606,3.3230435912166287,0.2569297609800643,2.706526484455084,5.300557168127016,8.09519847136292,11.843186419752232,1.0009983746170104,7500,eggs_dtr12
cf.Tm,32.63079598369702,0.6480658610850539,32.118074696567824,32.28367128878868,32.45763301953038,32.7514282499296,34.19631063939363,1.0160852514702436,2300,eggs_dtr12
cf.q,0.237965712333854,0.07516539135471015,0.1402795545546964,0.18352992067185545,0.22159251605973204,0.27610806192465326,0.42527153274238877,1.0009850741948871,7500,eggs_dtr12
cf.r,0.2185923058293246,0.01825324686306959,0.1838504528624805,0.20627040550427042,0.21792058420932844,0.23079839314672115,0.25562438172453245,1.0008831423742948,7500,eggs_dtr12
deviance,3291.6314487532372,2.9589260401786914,3288.1056229466035,3289.4692502427256,3290.8906712116054,3293.0809076778532,3299.1819509639754,1.0015969564558636,2500,eggs_dtr12
Topt,26.744893333333334,NA,25.9,NA,26.7,NA,27.9,NA,NA,eggs_dtr12
