term,mean,sd,lowerCI,25%,median,75%,upperCI,Rhat,n.eff,treatment
cf.T0,8.513766402255316,2.0279219707083445,4.2340770098855725,7.215152870698672,8.585308580776562,9.907931955310536,12.276442876520395,1.0046993775246442,1300,eip50
cf.Tm,43.55101560448721,1.1888305443130343,40.6615815037687,42.86387235312714,43.85982697742375,44.4956375875942,44.96108486881626,1.0039493122591672,690,eip50
cf.q,5.1958216032794396e-05,7.118667813743692e-6,4.096480887351918e-5,4.697967743013689e-5,5.0830633043103824e-5,5.5853445124973903e-5,6.892130837362838e-5,1.0031228857829324,860,eip50
cf.sigma,0.007023239822394957,0.001975928627592482,0.004314499164149737,0.005642363589746593,0.006651616654636415,0.007957476032163116,0.011933275183355508,1.0010608047438596,7500,eip50
deviance,-86.81264224972256,3.672122835603143,-91.77567601800241,-89.56372222402106,-87.50896728699226,-84.78001512079257,-78.2121433487134,1.0013716101746222,3500,eip50
Topt,35.81614666666667,NA,33.8,NA,36,NA,36.9,NA,NA,eip50
