term,mean,sd,2.5%,25%,50%,75%,97.5%,Rhat,n.eff,treatment
cf.T0,0.9766524592883655,0.8498279618636029,0.027776033030892305,0.322216602913427,0.7507856789087177,1.4025776734263313,3.16069315523705,1.0008073931734205,7500,lifespan_dtr12
cf.Tm,33.54650575097699,0.4923313175222478,32.656411947950346,33.223232474833516,33.52373523965806,33.85459634356834,34.57943663151927,1.0012917691693497,4100,lifespan_dtr12
cf.q,0.16333115541917187,0.012724030156113205,0.14176096268758973,0.15474477078189589,0.16209272984212636,0.17053814054327457,0.19241143283404963,1.001250146727618,4400,lifespan_dtr12
cf.sigma,18.818012559630617,0.7821983947337235,17.368143406862604,18.27940558576485,18.78914039988688,19.32821618149314,20.433574240649186,1.0009887089244711,7500,lifespan_dtr12
deviance,2610.446931400582,3.1171418006004945,2606.4316624858507,2608.1596142939093,2609.779575056276,2612.03004606056,2618.1023150569627,1.001585800278972,2500,lifespan_dtr12
Topt,17.261506666666666,NA,16.6,NA,NA,NA,18.3,NA,NA,lifespan_dtr12
