term,mean,sd,lowerCI,25%,median,75%,upperCI,Rhat,n.eff,treatment
cf.T0,1.8662859796559559,1.4617548249942622,0.060175000484427914,0.6954505438346404,1.5495097419095707,2.7276547332569483,5.382946657432455,1.0027073030393736,1100,bite_rate_dtr9
cf.Tm,37.103739305256894,0.9518627915859783,35.49869765058724,36.439361039657776,36.98815394393339,37.6508967881632,39.279864926077614,1.0016936337448605,2200,bite_rate_dtr9
cf.q,1.685600142818754e-4,1.809689496896319e-5,1.4077431114598455e-4,1.5590077323282995e-4,1.6591802602132833e-4,1.7797233698633303e-4,2.1311281387501448e-4,1.0030246690732925,900,bite_rate_dtr9
cf.sigma,0.11566150093286127,0.005370818388886485,0.10587154684708497,0.11191578537279122,0.11543276806639324,0.11915368797181877,0.12683050152816774,1.0012403823829332,4500,bite_rate_dtr9
deviance,-475.7157386072728,2.906716216128796,-479.48207462087043,-477.8725308106781,-476.355736634786,-474.1858354489445,-468.55163626645293,1.0009654082656252,7500,bite_rate_dtr9
Topt,29.880013333333334,NA,28.7,NA,29.8,NA,31.5,NA,NA,bite_rate_dtr9
