term,mean,sd,2.5%,25%,50%,75%,97.5%,Rhat,n.eff,treatment
cf.T0,6.947419450604846,1.819657445086408,2.9281147432153554,5.821166999456388,7.071621779628783,8.246724247150588,10.065299768817267,1.0046088265152813,1700,pea
cf.Tm,35.59475704127115,0.26531021298270563,35.03205088888997,35.41221370816729,35.61854523531132,35.80932405625473,35.99836998628553,1.001863604643728,1900,pea
cf.q,5.582043681087506e-4,6.20918852554451e-5,4.4293446605519034e-4,5.15799845336493e-4,5.560462549588842e-4,5.994316615235681e-4,6.85951889930038e-4,1.0042280207902616,590,pea
cf.sigma,0.14575291320847597,0.013211772082068316,0.12265556529098263,0.13663666534125724,0.14473326141523904,0.15384299367963752,0.17472893035270787,1.0012264136250393,4700,pea
deviance,-68.5087079183502,2.807385566448047,-71.82567722718429,-70.56926699239735,-69.21532833737858,-67.16664287578615,-61.444471401836346,1.001547067375267,2700,pea
Topt,29.27216,NA,28.8,NA,NA,NA,29.7,NA,NA,pea
