term,mean,sd,lowerCI,25%,median,75%,upperCI,Rhat,n.eff,treatment
cf.T0,5.907197784699842,3.194018947613085,0.37127297610214444,3.3026946591383974,5.9832069458809665,8.41775915313138,11.617082561435554,1.0012194402256385,4800,eggs_dtr9
cf.Tm,32.68421088812153,0.7508885625713988,32.13988896242916,32.31734583368855,32.49331528589883,32.799656670001134,34.37708017180182,1.0287375404837218,1300,eggs_dtr9
cf.q,0.25775526156171596,0.07617689091706291,0.14976063787495877,0.20170513283649316,0.24297699507767778,0.30034063151043994,0.44217498917343306,1.001195149131609,5000,eggs_dtr9
cf.r,0.28258599617178526,0.022803345277306705,0.2401658773595457,0.26654412138724876,0.2819357911964155,0.2974816075471826,0.32930296088845157,1.0009707831655144,7500,eggs_dtr9
deviance,3501.6316564828776,2.970192955966431,3498.1146943004005,3499.466273029428,3500.912778810112,3503.0046965958613,3509.2186710111587,1.004270953739785,820,eggs_dtr9
Topt,26.836986666666668,NA,26,NA,26.8,NA,28.1,NA,NA,eggs_dtr9
