term,mean,sd,2.5%,25%,50%,75%,97.5%,Rhat,n.eff,treatment
cf.T0,6.794339858788277,1.9622832052516566,2.220393340531984,5.641073755914057,7.024718792891303,8.157816351559097,10.039847064326807,1.0071786832788028,910,eggs_dtr9
cf.Tm,41.73382382212623,1.6259750487001483,38.573783671729274,40.55839877727059,41.73956784291047,42.97064222879126,44.652677306997134,1.001094277691409,6800,eggs_dtr9
cf.q,0.8681792338622013,0.10448123835836791,0.6177067740172927,0.8034341078106559,0.8934099426455422,0.9524404346755793,0.9957942525237871,1.002730853608412,1500,eggs_dtr9
cf.sigma,262.7844507707955,11.021033228579551,242.2558031591405,255.1747352915728,262.4276838121205,269.8808703816573,285.6587746695586,1.001197339190272,5000,eggs_dtr9
deviance,4192.153705327576,2.7033063183011334,4188.3585631142805,4190.202483242334,4191.697521924254,4193.593716759765,4198.716635229344,1.0014079465185843,3300,eggs_dtr9
Topt,24.2644,NA,21.4,NA,NA,NA,26.9,NA,NA,eggs_dtr9
