term,mean,sd,2.5%,25%,50%,75%,97.5%,Rhat,n.eff,treatment
cf.T0,11.032202801333598,2.1617784840213794,5.379508724488642,10.027780144066483,11.417235787602813,12.519745391917814,14.037639406037936,1.0303787453238553,850,eggs_dtr12
cf.Tm,28.69354288207876,0.36144700865232493,28.233607561173756,28.452395216226297,28.62131175936626,28.849431393529063,29.537120279982798,1.0066071197937874,2700,eggs_dtr12
cf.q,0.5463737530297691,0.12134018174958891,0.30497485027939364,0.46525605133179104,0.5453005699094886,0.6303611936572824,0.7845131350163441,1.0023255631340693,2900,eggs_dtr12
cf.sigma,253.56565825420302,10.507357378940839,233.8246250507645,246.35013388072684,253.1575358289191,260.4818572570519,274.84151968628817,1.0009545808036788,7500,eggs_dtr12
deviance,4171.282006736174,2.9918020806240673,4167.516567246755,4169.065777352228,4170.598531962531,4172.763135559399,4178.906332451338,1.001367179499553,3500,eggs_dtr12
Topt,24.398373333333332,NA,23.7,NA,NA,NA,25,NA,NA,eggs_dtr12
