term,mean,sd,lowerCI,25%,median,75%,upperCI,Rhat,n.eff,treatment
cf.T0,2.947777360003231,2.0021222690852047,0.13034890591566706,1.3091650324991684,2.6635572947997908,4.2921817899925125,7.367273011568011,1.0011428366575543,5800,bite_rate_dtr12
cf.Tm,39.317886636751595,1.7600394515906561,36.45623102302237,38.03366024187651,39.099283388457344,40.37960708304923,43.440442477840776,1.0008087724827364,7500,bite_rate_dtr12
cf.q,1.5617435663732983e-4,2.4727924161669604e-5,1.1925756681620244e-4,1.3815141198534762e-4,1.5196783112293168e-4,1.7003193991641885e-4,2.1460192937308118e-4,1.001451102677334,5500,bite_rate_dtr12
cf.sigma,0.12432314629624043,0.005900738715012539,0.11355698545907462,0.12017126129298968,0.12414269392690841,0.12811665436015712,0.13648930262105127,1.0014030521617274,3300,bite_rate_dtr12
deviance,-448.7376683789601,2.699320148658924,-452.08795636299044,-450.7150594491393,-449.35058193462027,-447.4469083195204,-441.72658345110403,1.0008970515260105,7500,bite_rate_dtr12
Topt,31.771373333333333,NA,29.8,NA,31.6,NA,34.9,NA,NA,bite_rate_dtr12
