term,mean,sd,lowerCI,25%,median,75%,upperCI,Rhat,n.eff,treatment
cf.T0,3.942646377811411,2.608898489462367,0.188027111328177,1.7459758870802267,3.625123877571129,5.797888913779692,9.551290994920125,1.0013458763462264,3700,eggs_constant
cf.Tm,36.20595350945156,0.13851002162471196,36.0594818397413,36.11715188177481,36.16987753644292,36.25090527566416,36.5786626953961,1.0045490235695187,5300,eggs_constant
cf.q,0.18191110184525097,0.0357066247103946,0.13242362822830042,0.15609570069766343,0.17498045515224933,0.20078504497570568,0.2705342637293874,1.0016698233397745,2300,eggs_constant
cf.r,0.2971598271357677,0.020915532580027436,0.2575206503798518,0.2829499431072343,0.29665562561372966,0.31096246453920384,0.33908786278131803,1.0010342639594199,7500,eggs_constant
deviance,4583.455225424268,2.8971246979731555,4579.952644700313,4581.331666061996,4582.754061597052,4584.819297384211,4590.89507929646,1.0008360191305854,7500,eggs_constant
Topt,29.401573333333335,NA,28.9,NA,29.4,NA,30.1,NA,NA,eggs_constant
