term,mean,sd,lowerCI,25%,median,75%,upperCI,Rhat,n.eff,treatment
cf.T0,2.546170542273272,1.7064183168927687,0.1139410442425845,1.1426326362628407,2.301140574821505,3.733087193681738,6.257221544370263,1.001230189365908,4600,bite_rate_constant
cf.Tm,42.24315716117122,0.9872021280742047,40.45167441460748,41.536823130160016,42.18073309754135,42.90032379781009,44.337045237535705,1.0013825800580294,3400,bite_rate_constant
cf.q,1.6476588097887545e-4,1.7460302507046186e-5,1.3894517405657158e-4,1.5152991002690075e-4,1.618364464193667e-4,1.7553832006059889e-4,2.0593114768224026e-4,1.0010879675940627,6900,bite_rate_constant
cf.sigma,0.13502842452055464,0.00532451392233973,0.1251134747434787,0.13132779678547546,0.13490373750908768,0.13846764167630593,0.14595299302767142,1.0012574983810376,4400,bite_rate_constant
deviance,-495.7792992187931,2.6071737461773172,-498.97149259302535,-497.7110089099756,-496.39511805216125,-494.4894582831387,-489.25375939156663,1.0011476548681335,5700,bite_rate_constant
Topt,34.06368,NA,32.8,NA,34,NA,35.6,NA,NA,bite_rate_constant
