term,mean,sd,2.5%,25%,50%,75%,97.5%,Rhat,n.eff,treatment
cf.T0,6.6984392189855795,2.9339166664250906,0.7251933765035184,4.627298289228618,6.915999095931191,8.945793693592446,11.72246557469324,1.0030408224917409,2300,eggs_dtr9
cf.Tm,32.41465242284441,0.27277167240311095,32.08782734381783,32.25047429747875,32.37832970213991,32.54137907112829,33.00533150276426,1.0063235350592745,7500,eggs_dtr9
cf.q,0.27034994079886493,0.05486706132973801,0.18192789822550207,0.2294178647953094,0.26570046883309595,0.306247239797443,0.38962793058448403,1.0013298938876374,3800,eggs_dtr9
cf.sigma,254.59324459674892,10.480402296406371,234.7178167950839,247.16054781114198,254.2461783291106,261.560502073828,275.93976123583786,1.0008323047535945,7500,eggs_dtr9
deviance,4173.5184755024975,2.8243443660513567,4170.086766911384,4171.532621556614,4172.8470822878735,4174.786457322309,4180.764089273385,1.0014673195846835,3000,eggs_dtr9
Topt,26.720466666666667,NA,26,NA,NA,NA,27.4,NA,NA,eggs_dtr9
