term,mean,sd,2.5%,25%,50%,75%,97.5%,Rhat,n.eff,treatment
cf.T0,13.324131035597816,0.3584431096612105,12.589971542145777,13.092034055342417,13.337682829092884,13.568328381369026,13.994812615567282,1.000823240511104,7500,mdr
cf.Tm,35.97113186199991,0.03287068442047549,35.88440918368432,35.95780048853874,35.9805921343688,35.99466614130605,36.00674979720519,1.0012440928912665,4500,mdr
cf.q,1.0632030999677998e-4,3.1779138582964198e-6,9.998239572294496e-5,1.0419620395202713e-4,1.0637433679584776e-4,1.0846871873722344e-4,1.124498130874208e-4,1.000838177239239,7500,mdr
cf.sigma,0.00921243137448726,8.483732425764855e-4,0.00773048273507314,0.008614284726943576,0.009149849348815612,0.009739635112656358,0.011047118176623908,1.0009454498377892,7500,mdr
deviance,-433.0744349669105,3.3266304794855395,-437.42963897036816,-435.49114817463715,-433.7697569751066,-431.3976254441767,-424.7535686780046,1.0017901276095353,2000,mdr
Topt,30.482053333333333,NA,30.4,NA,NA,NA,30.6,NA,NA,mdr
