term,mean,sd,lowerCI,25%,median,75%,upperCI,Rhat,n.eff,treatment
cf.T0,13.335460068195157,0.354888115998806,12.620301112224698,13.107553845957113,13.343099854421821,13.576687940812368,14.0037135268177,1.0019515024374928,1700,mdr
cf.Tm,35.97074695311473,0.03323650846638365,35.88198789806219,35.95731761676617,35.98080691298102,35.99391957882435,36.006613191495106,1.0009134640122677,7500,mdr
cf.q,1.0638768982463907e-4,3.1831196095050666e-6,1.0013658150369894e-4,1.0428733913617856e-4,1.063441548036152e-4,1.085255948547389e-4,1.1280702000782587e-4,1.0015568250985876,2600,mdr
cf.sigma,0.009200654245280937,8.42414621434658e-4,0.007724571263811405,0.00861152536493953,0.00914774108718161,0.009715653462388688,0.011063994797463592,1.00105825315849,7500,mdr
deviance,-433.07307687070886,3.2652496395273514,-437.3861333495896,-435.4689083534852,-433.742802268925,-431.44813430803663,-424.86460013212854,1.0011914232107764,5100,mdr
Topt,30.484186666666666,NA,30.4,NA,30.5,NA,30.6,NA,NA,mdr
