term,mean,sd,2.5%,25%,50%,75%,97.5%,Rhat,n.eff,treatment
cf.T0,1.2737797794537915,1.05020315131833,0.04379753275862433,0.4393295520738884,1.005398497383262,1.8598069471638063,3.89353996840776,1.001624981337805,2400,bite_rate_dtr9
cf.Tm,36.896957876433206,0.7842629974706947,35.57231659058809,36.336613464566874,36.82552499409477,37.3709134886387,38.60995606378099,1.0029454850203594,930,bite_rate_dtr9
cf.q,1.6736833971492117e-4,1.3249610907545879e-5,1.4551095962669547e-4,1.583556213887002e-4,1.6563526676027746e-4,1.748506146646179e-4,1.9796383571536743e-4,1.0032945223952967,800,bite_rate_dtr9
cf.sigma,0.1111929533304254,0.00460567772534455,0.10256047464105224,0.10802251693281921,0.11104722930265211,0.11421473579371483,0.12054258631336227,1.0009645841776835,7500,bite_rate_dtr9
deviance,-467.6853824682162,2.90981218100199,-471.4194124898032,-469.7865297941744,-468.30355803315007,-466.28649321350986,-460.42976530380844,1.0008293774253643,7500,bite_rate_dtr9
Topt,29.649733333333334,NA,28.6,NA,NA,NA,31,NA,NA,bite_rate_dtr9
