term,mean,sd,2.5%,25%,50%,75%,97.5%,Rhat,n.eff,treatment
cf.T0,2.245907937633193,1.4099939161499881,0.11636643764649811,1.1003432270469484,2.1030375767380045,3.2371210055368604,5.306923370114352,1.00122592864969,4700,lifespan_constant
cf.Tm,37.513449133900025,0.43335708127028033,36.73039383800597,37.216125420926566,37.499223582799445,37.80182132962572,38.39576084678812,1.002871468127154,1100,lifespan_constant
cf.q,0.12450252297009193,0.012574585613841477,0.10523988535395547,0.11502533074876654,0.12271723840350444,0.13209594112624692,0.15332929933259834,1.0041479033159597,990,lifespan_constant
cf.sigma,13.690287368179689,0.49408014075906825,12.762148401102579,13.358869025292515,13.680983720860132,14.018089431482307,14.712822871624173,1.0008170689564924,7500,lifespan_constant
deviance,3146.5962718892265,2.765979075983505,3143.3300900325976,3144.5786759446723,3145.9492072201974,3147.895668662473,3153.786510649542,1.0027843529641147,1700,lifespan_constant
Topt,19.8802,NA,18.8,NA,NA,NA,21.2,NA,NA,lifespan_constant
